id;Logo;Name;Addresses;Products;Enabled
2;https://www.all-stars-distribution.com/img/m/2.jpg;Acexxon;;;1
57;https://www.all-stars-distribution.com/img/m/82.jpg;AEM;;;1
54;https://www.all-stars-distribution.com/img/m/54.jpg;Akrapovic;;;1
4;https://www.all-stars-distribution.com/img/m/4.jpg;Alpha Competition;;;1
50;;AMS Performance;;;0
34;https://www.all-stars-distribution.com/img/m/34.jpg;APR;;;1
32;https://www.all-stars-distribution.com/img/m/32.jpg;Armaspeed;;;1
5;https://www.all-stars-distribution.com/img/m/5.jpg;AutoPolar;;;1
6;https://www.all-stars-distribution.com/img/m/6.jpg;Autotech;;;1
38;https://www.all-stars-distribution.com/img/m/38.jpg;CTS Turbo;;;1
42;;DBA Brakes;;;0
9;https://www.all-stars-distribution.com/img/m/9.jpg;DeatschWerks;;;1
59;https://www.all-stars-distribution.com/img/m/83.jpg;Dinan;;;1
33;;Dixcel;;;0
45;;Eibach;;;0
10;https://www.all-stars-distribution.com/img/m/10.jpg;Eventuri;;;1
11;;Ferrea Racing;;;0
51;;Forge Motorsport;;;0
13;https://www.all-stars-distribution.com/img/m/13.jpg;Goodridge;;;1
43;https://www.all-stars-distribution.com/img/m/43.jpg;Gruppe M Intakes;;;1
55;;HKS;;;0
14;;Injen Technology;;;0
58;;IPE;;;0
16;https://www.all-stars-distribution.com/img/m/16.jpg;ITG;;;1
49;;KOYORAD;;;0
17;https://www.all-stars-distribution.com/img/m/17.jpg;Mishimoto;;;1
39;;MMR;;;0
63;;MOTUL;;;0
18;https://www.all-stars-distribution.com/img/m/18.jpg;NGK;;;1
26;https://www.all-stars-distribution.com/img/m/26.jpg;OEM PARTS;;;1
41;https://www.all-stars-distribution.com/img/m/41.jpg;Okada Projects;;;1
19;https://www.all-stars-distribution.com/img/m/19.jpg;P3 Gauges;;;1
62;https://www.all-stars-distribution.com/img/m/62.jpg;PracWorks;;;1
47;;PRO SERIES;;;0
20;https://www.all-stars-distribution.com/img/m/20.jpg;Prosport;;;1
21;https://www.all-stars-distribution.com/img/m/21.jpg;Racingline;;;1
48;;REMUS;;;0
23;https://www.all-stars-distribution.com/img/m/23.jpg;Scorpion;;;1
35;;Shipping;;;0
64;;Sonic Tools;;;0
56;;SuperTech;;;0
61;https://www.all-stars-distribution.com/img/m/61.jpg;Tein;;;1
52;;THE Tuner;;;0
25;https://www.all-stars-distribution.com/img/m/25.jpg;The Turbo Engineers;;;1
36;https://www.all-stars-distribution.com/img/m/36.jpg;TurboSmart;;;1
46;https://www.all-stars-distribution.com/img/m/46.jpg;Ultra Racing;;;0
40;https://www.all-stars-distribution.com/img/m/40.jpg;VHT;;;1
27;;Wagner Tuning;;;0
28;https://www.all-stars-distribution.com/img/m/28.jpg;Whiteline;;;1
60;https://www.all-stars-distribution.com/img/m/60.jpg;By All Stars;;;1
