Active;Visibility;Manufacturer;Supplier;Category;TAX;name;reference; price - exvat ;tags;Meta title;Keywords
1;none;invisible;invisible;invisible;78;VAT Belgium ( 21% );VAT-BE; -   ;VAT-BE;VAT Belgium ( 21% );VAT-BE
1;none;invisible;invisible;invisible;78;VAT Bulgaria ( 20% );VAT-BU; -   ;VAT-BU;VAT Bulgaria ( 20% );VAT-BU
1;none;invisible;invisible;invisible;78;VAT Czechia ( 21% );VAT-CZ; -   ;VAT-CZ;VAT Czechia ( 21% );VAT-CZ
1;none;invisible;invisible;invisible;78;VAT Denmark ( 25% );VAT-DK; -   ;VAT-DK;VAT Denmark ( 25% );VAT-DK
1;none;invisible;invisible;invisible;78;VAT Germany ( 19% );VAT-DE; -   ;VAT-DE;VAT Germany ( 19% );VAT-DE
1;none;invisible;invisible;invisible;78;VAT Estonia ( 20% );VAT-EE; -   ;VAT-EE;VAT Estonia ( 20% );VAT-EE
1;none;invisible;invisible;invisible;78;VAT Greece ( 23% );VAT-EL; -   ;VAT-EL;VAT Greece ( 23% );VAT-EL
1;none;invisible;invisible;invisible;78;VAT Spain ( 21% );VAT-ES; -   ;VAT-ES;VAT Spain ( 21% );VAT-ES
1;none;invisible;invisible;invisible;78;VAT France ( 20% );VAT-FR; -   ;VAT-FR;VAT France ( 20% );VAT-FR
1;none;invisible;invisible;invisible;78;VAT Croatia ( 25% );VAT-HR; -   ;VAT-HR;VAT Croatia ( 25% );VAT-HR
1;none;invisible;invisible;invisible;78;VAT Irland ( 23% );VAT-IE; -   ;VAT-IE;VAT Irland ( 23% );VAT-IE
1;none;invisible;invisible;invisible;78;VAT Italy ( 22% );VAT-IT; -   ;VAT-IT;VAT Italy ( 22% );VAT-IT
1;none;invisible;invisible;invisible;78;VAT Cyprus ( 19% );VAT-CY; -   ;VAT-CY;VAT Cyprus ( 19% );VAT-CY
1;none;invisible;invisible;invisible;78;VAT Latvia ( 21% );VAT-LV; -   ;VAT-LV;VAT Latvia ( 21% );VAT-LV
1;none;invisible;invisible;invisible;78;VAT Lithuania ( 21% );VAT-LT; -   ;VAT-LT;VAT Lithuania ( 21% );VAT-LT
1;none;invisible;invisible;invisible;78;VAT Luxembourg ( 17% );VAT-LU; -   ;VAT-LU;VAT Luxembourg ( 17% );VAT-LU
1;none;invisible;invisible;invisible;78;VAT Hungary ( 27% );VAT-HU; -   ;VAT-HU;VAT Hungary ( 27% );VAT-HU
1;none;invisible;invisible;invisible;78;VAT Malta ( 18% );VAT-MT; -   ;VAT-MT;VAT Malta ( 18% );VAT-MT
1;none;invisible;invisible;invisible;78;"VAT 	Netherlands ( 21% )";VAT-NL; -   ;VAT-NL;"VAT 	Netherlands ( 21% )";VAT-NL
1;none;invisible;invisible;invisible;78;VAT Austria ( 20% );VAT-AT; -   ;VAT-AT;VAT Austria ( 20% );VAT-AT
1;none;invisible;invisible;invisible;78;VAT Poland ( 23% );VAT-PL; -   ;VAT-PL;VAT Poland ( 23% );VAT-PL
1;none;invisible;invisible;invisible;78;VAT Portugal ( 23% );VAT-PT; -   ;VAT-PT;VAT Portugal ( 23% );VAT-PT
1;none;invisible;invisible;invisible;78;VAT Romania ( 19% );VAT-RO; -   ;VAT-RO;VAT Romania ( 19% );VAT-RO
1;none;invisible;invisible;invisible;78;VAT Slovenia ( 22% );VAT-SI; -   ;VAT-SI;VAT Slovenia ( 22% );VAT-SI
1;none;invisible;invisible;invisible;78;VAT Slovakia ( 20% );VAT-SK; -   ;VAT-SK;VAT Slovakia ( 20% );VAT-SK
1;none;invisible;invisible;invisible;78;VAT Finland ( 24% );VAT-FI; -   ;VAT-FI;VAT Finland ( 24% );VAT-FI
1;none;invisible;invisible;invisible;78;VAT Sweden ( 25% );VAT-SE; -   ;VAT-SE;VAT Sweden ( 25% );VAT-SE
1;none;invisible;invisible;invisible;78;SPAIN (BALEARES) (10-30KG);SHIPPING-ES/B-10-30; 28 ;SHIPPING-ES/B-10-30;SPAIN (BALEARES) (10-30KG);SHIPPING-ES/B-10-30
1;none;invisible;invisible;invisible;78;SPAIN ( BALEARES ) (0-10KG);SHIPPING-ES/B-0-10; 18 ;SHIPPING-ES/B-0-10;SPAIN ( BALEARES ) (0-10KG);SHIPPING-ES/B-0-10
1;none;invisible;invisible;invisible;78;CUSTOMER PICK UP;SHIP-PICK; -   ;SHIP-PICK;CUSTOMER PICK UP;SHIP-PICK
1;none;invisible;invisible;invisible;78;OVERSIZED CUSTOM SHIPPING;SHIPPING-XXL; -   ;SHIPPING-XXL;OVERSIZED CUSTOM SHIPPING;SHIPPING-XXL
1;none;invisible;invisible;invisible;78;INTERNATIONAL EXPRESS TNT / FEDEX;SHIPPING-INT; -   ;SHIPPING-INT;INTERNATIONAL EXPRESS TNT / FEDEX;SHIPPING-INT
1;none;invisible;invisible;invisible;78;SWEDEN (10-30KG);SHIPPING-SE-10-30; 32 ;SHIPPING-SE-10-30;SWEDEN (10-30KG);SHIPPING-SE-10-30
1;none;invisible;invisible;invisible;78;ROMANIA (10-30KG);SHIPPING-RO-10-30; 44 ;SHIPPING-RO-10-30;ROMANIA (10-30KG);SHIPPING-RO-10-30
1;none;invisible;invisible;invisible;78;CZECH REP (10-30KG);SHIPPING-CZ-10-30; 26 ;SHIPPING-CZ-10-30;CZECH REP (10-30KG);SHIPPING-CZ-10-30
1;none;invisible;invisible;invisible;78;U.K. (10-30KG);SHIPPING-GB-10-30; 25 ;SHIPPING-GB-10-30;U.K. (10-30KG);SHIPPING-GB-10-30
1;none;invisible;invisible;invisible;78;POLAND (10-30KG);SHIPPING-PL-10-30; 26 ;SHIPPING-PL-10-30;POLAND (10-30KG);SHIPPING-PL-10-30
1;none;invisible;invisible;invisible;78;LUXEMBOURG (10-30KG);SHIPPING-LU-10-30; 20 ;SHIPPING-LU-10-30;LUXEMBOURG (10-30KG);SHIPPING-LU-10-30
1;none;invisible;invisible;invisible;78;LITHUANIA (10-30KG);SHIPPING-LT-10-30; 28 ;SHIPPING-LT-10-30;LITHUANIA (10-30KG);SHIPPING-LT-10-30
1;none;invisible;invisible;invisible;78;LATVIA (10-30KG);SHIPPING-LV-10-30; 32 ;SHIPPING-LV-10-30;LATVIA (10-30KG);SHIPPING-LV-10-30
1;none;invisible;invisible;invisible;78;IRELAND (10-30KG);SHIPPING-IE-10-30; 32 ;SHIPPING-IE-10-30;IRELAND (10-30KG);SHIPPING-IE-10-30
1;none;invisible;invisible;invisible;78;HUNGARY (10-30KG);SHIPPING-HU-10-30; 28 ;SHIPPING-HU-10-30;HUNGARY (10-30KG);SHIPPING-HU-10-30
1;none;invisible;invisible;invisible;78;HOLLAND (10-30KG);SHIPPING-NL-10-30; 20 ;SHIPPING-NL-10-30;HOLLAND (10-30KG);SHIPPING-NL-10-30
1;none;invisible;invisible;invisible;78;GREECE (10-30KG);SHIPPING-GR-10-30; 45 ;SHIPPING-GR-10-30;GREECE (10-30KG);SHIPPING-GR-10-30
1;none;invisible;invisible;invisible;78;GERMANY (10-30KG);SHIPPING-DE-10-30; 23 ;SHIPPING-DE-10-30;GERMANY (10-30KG);SHIPPING-DE-10-30
1;none;invisible;invisible;invisible;78;FRANCE (10-30KG);SHIPPING-FR-10-30; 20 ;SHIPPING-FR-10-30;FRANCE (10-30KG);SHIPPING-FR-10-30
1;none;invisible;invisible;invisible;78;FINLAND (10-30KG);SHIPPING-FI-10-30; 45 ;SHIPPING-FI-10-30;FINLAND (10-30KG);SHIPPING-FI-10-30
1;none;invisible;invisible;invisible;78;ESTONIA (10-30KG);SHIPPING-EE-10-30; 32 ;SHIPPING-EE-10-30;ESTONIA (10-30KG);SHIPPING-EE-10-30
1;none;invisible;invisible;invisible;78;SPAIN ( CONTINENTAL ) (10-30KG);SHIPPING-ES-10-30; 20 ;SHIPPING-ES-10-30;SPAIN ( CONTINENTAL ) (10-30KG);SHIPPING-ES-10-30
1;none;invisible;invisible;invisible;78;SLOVENIA (10-30KG);SHIPPING-SI-10-30; 30 ;SHIPPING-SI-10-30;SLOVENIA (10-30KG);SHIPPING-SI-10-30
1;none;invisible;invisible;invisible;78;SLOVAKIA (10-30KG);SHIPPING-SK-10-30; 30 ;SHIPPING-SK-10-30;SLOVAKIA (10-30KG);SHIPPING-SK-10-30
1;none;invisible;invisible;invisible;78;DENMARK (10-30KG);SHIPPING-DK-10-30; 30 ;SHIPPING-DK-10-30;DENMARK (10-30KG);SHIPPING-DK-10-30
1;none;invisible;invisible;invisible;78;CROATIA (10-30KG);SHIPPING-HR-10-30; 32 ;SHIPPING-HR-10-30;CROATIA (10-30KG);SHIPPING-HR-10-30
1;none;invisible;invisible;invisible;78;BULGARIA (10-30KG);SHIPPING-BG-10-30; 44 ;SHIPPING-BG-10-30;BULGARIA (10-30KG);SHIPPING-BG-10-30
1;none;invisible;invisible;invisible;78;BELGIUM (10-30KG);SHIPPING-BE-10-30; 20 ;SHIPPING-BE-10-30;BELGIUM (10-30KG);SHIPPING-BE-10-30
1;none;invisible;invisible;invisible;78;AUSTRIA (10-30KG);SHIPPING-AT-10-30; 20 ;SHIPPING-AT-10-30;AUSTRIA (10-30KG);SHIPPING-AT-10-30
1;none;invisible;invisible;invisible;78;SWEDEN (0-10KG);SHIPPING-SE-0-10; 23 ;SHIPPING-SE-0-10;SWEDEN (0-10KG);SHIPPING-SE-0-10
1;none;invisible;invisible;invisible;78;ROMANIA (0-10KG);SHIPPING-RO-0-10; 32 ;SHIPPING-RO-0-10;ROMANIA (0-10KG);SHIPPING-RO-0-10
1;none;invisible;invisible;invisible;78;CZECH REP (0-10KG);SHIPPING-CZ-0-10; 17 ;SHIPPING-CZ-0-10;CZECH REP (0-10KG);SHIPPING-CZ-0-10
1;none;invisible;invisible;invisible;78;U.K. (0-10KG);SHIPPING-GB-0-10; 20 ;SHIPPING-GB-0-10;U.K. (0-10KG);SHIPPING-GB-0-10
1;none;invisible;invisible;invisible;78;POLAND (0-10KG);SHIPPING-PL-0-10; 17 ;SHIPPING-PL-0-10;POLAND (0-10KG);SHIPPING-PL-0-10
1;none;invisible;invisible;invisible;78;LUXEMBOURG (0-10KG);SHIPPING-LU-0-10; 15 ;SHIPPING-LU-0-10;LUXEMBOURG (0-10KG);SHIPPING-LU-0-10
1;none;invisible;invisible;invisible;78;LITHUANIA (0-10KG);SHIPPING-LT-0-10; 20 ;SHIPPING-LT-0-10;LITHUANIA (0-10KG);SHIPPING-LT-0-10
1;none;invisible;invisible;invisible;78;LATVIA (0-10KG);SHIPPING-LV-0-10; 23 ;SHIPPING-LV-0-10;LATVIA (0-10KG);SHIPPING-LV-0-10
1;none;invisible;invisible;invisible;78;IRELAND (0-10KG);SHIPPING-IE-0-10; 23 ;SHIPPING-IE-0-10;IRELAND (0-10KG);SHIPPING-IE-0-10
1;none;invisible;invisible;invisible;78;HUNGARY (0-10KG);SHIPPING-HU-0-10; 20 ;SHIPPING-HU-0-10;HUNGARY (0-10KG);SHIPPING-HU-0-10
1;none;invisible;invisible;invisible;78;HOLLAND (0-10KG);SHIPPING-NL-0-10; 15 ;SHIPPING-NL-0-10;HOLLAND (0-10KG);SHIPPING-NL-0-10
1;none;invisible;invisible;invisible;78;GREECE (0-10KG);SHIPPING-GR-0-10; 37 ;SHIPPING-GR-0-10;GREECE (0-10KG);SHIPPING-GR-0-10
1;none;invisible;invisible;invisible;78;GERMANY (0-10KG);SHIPPING-DE-0-10; 16 ;SHIPPING-DE-0-10;GERMANY (0-10KG);SHIPPING-DE-0-10
1;none;invisible;invisible;invisible;78;FRANCE (0-10KG);SHIPPING-FR-0-10; 15 ;SHIPPING-FR-0-10;FRANCE (0-10KG);SHIPPING-FR-0-10
1;none;invisible;invisible;invisible;78;FINLAND (0-10KG);SHIPPING-FI-0-10; 32 ;SHIPPING-FI-0-10;FINLAND (0-10KG);SHIPPING-FI-0-10
1;none;invisible;invisible;invisible;78;ESTONIA (0-10KG);SHIPPING-EE-0-10; 23 ;SHIPPING-EE-0-10;ESTONIA (0-10KG);SHIPPING-EE-0-10
1;none;invisible;invisible;invisible;78;SPAIN ( CONTINENTAL ) (0-10KG);SHIPPING-ES-0-10; 15 ;SHIPPING-ES-0-10;SPAIN ( CONTINENTAL ) (0-10KG);SHIPPING-ES-0-10
1;none;invisible;invisible;invisible;78;SLOVENIA (0-10KG);SHIPPING-SI-0-10; 20 ;SHIPPING-SI-0-10;SLOVENIA (0-10KG);SHIPPING-SI-0-10
1;none;invisible;invisible;invisible;78;SLOVAKIA (0-10KG);SHIPPING-SK-0-10; 20 ;SHIPPING-SK-0-10;SLOVAKIA (0-10KG);SHIPPING-SK-0-10
1;none;invisible;invisible;invisible;78;DENMARK (0-10KG);SHIPPING-DK-0-10; 20 ;SHIPPING-DK-0-10;DENMARK (0-10KG);SHIPPING-DK-0-10
1;none;invisible;invisible;invisible;78;CROATIA (0-10KG);SHIPPING-HR-0-10; 23 ;SHIPPING-HR-0-10;CROATIA (0-10KG);SHIPPING-HR-0-10
1;none;invisible;invisible;invisible;78;BULGARIA (0-10KG);SHIPPING-BG-0-10; 32 ;SHIPPING-BG-0-10;BULGARIA (0-10KG);SHIPPING-BG-0-10
1;none;invisible;invisible;invisible;78;BELGIUM (0-10KG);SHIPPING-BE-0-10; 15 ;SHIPPING-BE-0-10;BELGIUM (0-10KG);SHIPPING-BE-0-10
1;none;invisible;invisible;invisible;78;AUSTRIA (0-10KG);SHIPPING-AT-0-10; 15 ;SHIPPING-AT-0-10;AUSTRIA (0-10KG);SHIPPING-AT-0-10
1;none;invisible;invisible;invisible;78;PORTUGAL (10-30KG);SHIPPING-PT-10-30; 15 ;SHIPPING-PT-10-30;PORTUGAL (10-30KG);SHIPPING-PT-10-30
1;none;invisible;invisible;invisible;78;PORTUGAL (0-10KG);SHIPPING-PT-0-10; 10 ;SHIPPING-PT-0-10;PORTUGAL (0-10KG);SHIPPING-PT-0-10
1;none;invisible;invisible;invisible;78;ITALY (10-30KG);SHIPPING-IT-10-30; 32 ;SHIPPING-IT-10-30;ITALY (10-30KG);SHIPPING-IT-10-30
1;none;invisible;invisible;invisible;78;ITALY (0-10KG);SHIPPING-IT-0-10; 23 ;SHIPPING-IT-0-10;ITALY (0-10KG);SHIPPING-IT-0-10
